DATETIME,ERRORLEVEL,TAG,VALUE,LINE,FILE
"2022-01-14 13:07:48",INFO,DV,"Creado (ID: 66415): https://drive.google.com/open?id=1x4zthLBi_2EyQb3nvk-DpiqOJZOeLYm1",45,/home/u713516042/domains/transmillas.com/public_html/pruebas/drive/backup-documentos.php
"2022-01-14 13:07:48",INFO,DB,"Insertado en la base de datos (ID: 66415 - 1x4zthLBi_2EyQb3nvk-DpiqOJZOeLYm1)",55,/home/u713516042/domains/transmillas.com/public_html/pruebas/drive/backup-documentos.php
"2022-01-14 13:07:51",INFO,DV,"Creado (ID: 66418): https://drive.google.com/open?id=1lgcoQ7-IZAJ-SXdmUoMbQo-ngOzpTmBA",45,/home/u713516042/domains/transmillas.com/public_html/pruebas/drive/backup-documentos.php
"2022-01-14 13:07:51",INFO,DB,"Insertado en la base de datos (ID: 66418 - 1lgcoQ7-IZAJ-SXdmUoMbQo-ngOzpTmBA)",55,/home/u713516042/domains/transmillas.com/public_html/pruebas/drive/backup-documentos.php
"2022-01-14 13:07:55",INFO,DV,"Creado (ID: 66420): https://drive.google.com/open?id=1GWAJwyoLBow6XhsjYnZqqyXHIy4KynXN",45,/home/u713516042/domains/transmillas.com/public_html/pruebas/drive/backup-documentos.php
"2022-01-14 13:07:55",INFO,DB,"Insertado en la base de datos (ID: 66420 - 1GWAJwyoLBow6XhsjYnZqqyXHIy4KynXN)",55,/home/u713516042/domains/transmillas.com/public_html/pruebas/drive/backup-documentos.php
"2022-01-14 13:07:57",INFO,DV,"Creado (ID: 66421): https://drive.google.com/open?id=1rDTn47RC0S44e0ooU30YDuUYvbs_KuIX",45,/home/u713516042/domains/transmillas.com/public_html/pruebas/drive/backup-documentos.php
"2022-01-14 13:07:57",INFO,DB,"Insertado en la base de datos (ID: 66421 - 1rDTn47RC0S44e0ooU30YDuUYvbs_KuIX)",55,/home/u713516042/domains/transmillas.com/public_html/pruebas/drive/backup-documentos.php
"2022-01-14 13:08:00",INFO,DV,"Creado (ID: 66424): https://drive.google.com/open?id=1Fei1Mct_G6PZfQfHrh43zh_RKOiYvrs5",45,/home/u713516042/domains/transmillas.com/public_html/pruebas/drive/backup-documentos.php
"2022-01-14 13:08:00",INFO,DB,"Insertado en la base de datos (ID: 66424 - 1Fei1Mct_G6PZfQfHrh43zh_RKOiYvrs5)",55,/home/u713516042/domains/transmillas.com/public_html/pruebas/drive/backup-documentos.php
"2022-01-14 13:08:03",INFO,DV,"Creado (ID: 66438): https://drive.google.com/open?id=1atzVLyLUlB77OkadURlx0NOeKpFToEMn",45,/home/u713516042/domains/transmillas.com/public_html/pruebas/drive/backup-documentos.php
"2022-01-14 13:08:03",INFO,DB,"Insertado en la base de datos (ID: 66438 - 1atzVLyLUlB77OkadURlx0NOeKpFToEMn)",55,/home/u713516042/domains/transmillas.com/public_html/pruebas/drive/backup-documentos.php
"2022-01-14 13:08:06",INFO,DV,"Creado (ID: 66439): https://drive.google.com/open?id=1iZbSkBkKWMFayI9I60nUFYfjY5gITitJ",45,/home/u713516042/domains/transmillas.com/public_html/pruebas/drive/backup-documentos.php
"2022-01-14 13:08:06",INFO,DB,"Insertado en la base de datos (ID: 66439 - 1iZbSkBkKWMFayI9I60nUFYfjY5gITitJ)",55,/home/u713516042/domains/transmillas.com/public_html/pruebas/drive/backup-documentos.php
"2022-01-14 13:08:09",INFO,DV,"Creado (ID: 66445): https://drive.google.com/open?id=1TCr-rUkRGaBqCPmZYJhqBe2e3WL-NImB",45,/home/u713516042/domains/transmillas.com/public_html/pruebas/drive/backup-documentos.php
"2022-01-14 13:08:09",INFO,DB,"Insertado en la base de datos (ID: 66445 - 1TCr-rUkRGaBqCPmZYJhqBe2e3WL-NImB)",55,/home/u713516042/domains/transmillas.com/public_html/pruebas/drive/backup-documentos.php
"2022-01-14 13:08:12",INFO,DV,"Creado (ID: 66448): https://drive.google.com/open?id=1_7xXLmX0lhXCvxURbPK2gJl1O1H9xlm-",45,/home/u713516042/domains/transmillas.com/public_html/pruebas/drive/backup-documentos.php
"2022-01-14 13:08:12",INFO,DB,"Insertado en la base de datos (ID: 66448 - 1_7xXLmX0lhXCvxURbPK2gJl1O1H9xlm-)",55,/home/u713516042/domains/transmillas.com/public_html/pruebas/drive/backup-documentos.php
"2022-01-14 13:08:15",INFO,DV,"Creado (ID: 66452): https://drive.google.com/open?id=1VP1JUubfK60JYLYicoQSiNaSiEVFg13W",45,/home/u713516042/domains/transmillas.com/public_html/pruebas/drive/backup-documentos.php
"2022-01-14 13:08:15",INFO,DB,"Insertado en la base de datos (ID: 66452 - 1VP1JUubfK60JYLYicoQSiNaSiEVFg13W)",55,/home/u713516042/domains/transmillas.com/public_html/pruebas/drive/backup-documentos.php
"2022-01-14 13:08:19",INFO,DV,"Creado (ID: 66453): https://drive.google.com/open?id=1TD5MitiJ0DM1a-UzkGhTdqhI-ZTBXstc",45,/home/u713516042/domains/transmillas.com/public_html/pruebas/drive/backup-documentos.php
"2022-01-14 13:08:19",INFO,DB,"Insertado en la base de datos (ID: 66453 - 1TD5MitiJ0DM1a-UzkGhTdqhI-ZTBXstc)",55,/home/u713516042/domains/transmillas.com/public_html/pruebas/drive/backup-documentos.php
"2022-01-14 13:08:21",INFO,DV,"Creado (ID: 66454): https://drive.google.com/open?id=1QiEmUIuE6EHniVOZX8YLaW0HFkV4K8mn",45,/home/u713516042/domains/transmillas.com/public_html/pruebas/drive/backup-documentos.php
"2022-01-14 13:08:21",INFO,DB,"Insertado en la base de datos (ID: 66454 - 1QiEmUIuE6EHniVOZX8YLaW0HFkV4K8mn)",55,/home/u713516042/domains/transmillas.com/public_html/pruebas/drive/backup-documentos.php
"2022-01-14 13:08:24",INFO,DV,"Creado (ID: 66456): https://drive.google.com/open?id=1AohB0y6f9Ewc2uBUx5sd1KDRwcLgCodF",45,/home/u713516042/domains/transmillas.com/public_html/pruebas/drive/backup-documentos.php
"2022-01-14 13:08:24",INFO,DB,"Insertado en la base de datos (ID: 66456 - 1AohB0y6f9Ewc2uBUx5sd1KDRwcLgCodF)",55,/home/u713516042/domains/transmillas.com/public_html/pruebas/drive/backup-documentos.php
"2022-01-14 13:08:27",INFO,DV,"Creado (ID: 66457): https://drive.google.com/open?id=1ZqUgsZzRCxpa-IN8hVF50LlKyh63q7Z9",45,/home/u713516042/domains/transmillas.com/public_html/pruebas/drive/backup-documentos.php
"2022-01-14 13:08:27",INFO,DB,"Insertado en la base de datos (ID: 66457 - 1ZqUgsZzRCxpa-IN8hVF50LlKyh63q7Z9)",55,/home/u713516042/domains/transmillas.com/public_html/pruebas/drive/backup-documentos.php
"2022-01-14 13:08:30",INFO,DV,"Creado (ID: 66458): https://drive.google.com/open?id=1OyMBLW2wyFwQ2GL3kxzvdh0WJg5H_UOL",45,/home/u713516042/domains/transmillas.com/public_html/pruebas/drive/backup-documentos.php
"2022-01-14 13:08:30",INFO,DB,"Insertado en la base de datos (ID: 66458 - 1OyMBLW2wyFwQ2GL3kxzvdh0WJg5H_UOL)",55,/home/u713516042/domains/transmillas.com/public_html/pruebas/drive/backup-documentos.php
"2022-01-14 13:08:34",INFO,DV,"Creado (ID: 66459): https://drive.google.com/open?id=1qfRuizRRzeUzg_Eb8e7vai73Fz-R8sPB",45,/home/u713516042/domains/transmillas.com/public_html/pruebas/drive/backup-documentos.php
"2022-01-14 13:08:34",INFO,DB,"Insertado en la base de datos (ID: 66459 - 1qfRuizRRzeUzg_Eb8e7vai73Fz-R8sPB)",55,/home/u713516042/domains/transmillas.com/public_html/pruebas/drive/backup-documentos.php
"2022-01-14 13:08:36",INFO,DV,"Creado (ID: 66466): https://drive.google.com/open?id=1FxHZ1eps2RbPfkJiAfFr6Ra5W9a2RHVa",45,/home/u713516042/domains/transmillas.com/public_html/pruebas/drive/backup-documentos.php
"2022-01-14 13:08:36",INFO,DB,"Insertado en la base de datos (ID: 66466 - 1FxHZ1eps2RbPfkJiAfFr6Ra5W9a2RHVa)",55,/home/u713516042/domains/transmillas.com/public_html/pruebas/drive/backup-documentos.php
"2022-01-14 13:08:39",INFO,DV,"Creado (ID: 66467): https://drive.google.com/open?id=1WkhREImlq_jylFxlPdDLpKICMMECoLLL",45,/home/u713516042/domains/transmillas.com/public_html/pruebas/drive/backup-documentos.php
"2022-01-14 13:08:39",INFO,DB,"Insertado en la base de datos (ID: 66467 - 1WkhREImlq_jylFxlPdDLpKICMMECoLLL)",55,/home/u713516042/domains/transmillas.com/public_html/pruebas/drive/backup-documentos.php
"2022-01-14 13:08:42",INFO,DV,"Creado (ID: 66468): https://drive.google.com/open?id=1TOc_2xOiDn0XYMmRlBPGsPRBYi2pup-J",45,/home/u713516042/domains/transmillas.com/public_html/pruebas/drive/backup-documentos.php
"2022-01-14 13:08:42",INFO,DB,"Insertado en la base de datos (ID: 66468 - 1TOc_2xOiDn0XYMmRlBPGsPRBYi2pup-J)",55,/home/u713516042/domains/transmillas.com/public_html/pruebas/drive/backup-documentos.php
"2022-01-14 13:08:45",INFO,DV,"Creado (ID: 66470): https://drive.google.com/open?id=1v7nikLQDQR122nMBCP_rmfSXEfxzg3f1",45,/home/u713516042/domains/transmillas.com/public_html/pruebas/drive/backup-documentos.php
"2022-01-14 13:08:45",INFO,DB,"Insertado en la base de datos (ID: 66470 - 1v7nikLQDQR122nMBCP_rmfSXEfxzg3f1)",55,/home/u713516042/domains/transmillas.com/public_html/pruebas/drive/backup-documentos.php
"2022-01-14 13:08:48",INFO,DV,"Creado (ID: 66472): https://drive.google.com/open?id=10tU6JByuL23-g48CO5Jbs4y5l0RiS3pv",45,/home/u713516042/domains/transmillas.com/public_html/pruebas/drive/backup-documentos.php
"2022-01-14 13:08:48",INFO,DB,"Insertado en la base de datos (ID: 66472 - 10tU6JByuL23-g48CO5Jbs4y5l0RiS3pv)",55,/home/u713516042/domains/transmillas.com/public_html/pruebas/drive/backup-documentos.php
"2022-01-14 13:08:50",INFO,DV,"Creado (ID: 66474): https://drive.google.com/open?id=1c7qUXC3SofrysVUACn7M4Z445cczCdnD",45,/home/u713516042/domains/transmillas.com/public_html/pruebas/drive/backup-documentos.php
"2022-01-14 13:08:50",INFO,DB,"Insertado en la base de datos (ID: 66474 - 1c7qUXC3SofrysVUACn7M4Z445cczCdnD)",55,/home/u713516042/domains/transmillas.com/public_html/pruebas/drive/backup-documentos.php
"2022-01-14 13:08:53",INFO,DV,"Creado (ID: 66484): https://drive.google.com/open?id=1MqjaiB-t5T01_8L5CkSuEPTzCZr8I0ol",45,/home/u713516042/domains/transmillas.com/public_html/pruebas/drive/backup-documentos.php
"2022-01-14 13:08:53",INFO,DB,"Insertado en la base de datos (ID: 66484 - 1MqjaiB-t5T01_8L5CkSuEPTzCZr8I0ol)",55,/home/u713516042/domains/transmillas.com/public_html/pruebas/drive/backup-documentos.php
"2022-01-14 13:08:57",INFO,DV,"Creado (ID: 66489): https://drive.google.com/open?id=1CwYDG4-MU9eAaM6MI5EGqxyIMwnKgaz_",45,/home/u713516042/domains/transmillas.com/public_html/pruebas/drive/backup-documentos.php
"2022-01-14 13:08:57",INFO,DB,"Insertado en la base de datos (ID: 66489 - 1CwYDG4-MU9eAaM6MI5EGqxyIMwnKgaz_)",55,/home/u713516042/domains/transmillas.com/public_html/pruebas/drive/backup-documentos.php
"2022-01-14 13:08:59",INFO,DV,"Creado (ID: 66492): https://drive.google.com/open?id=1vInBf1h7OHBRGaUfaWBNEQzxi-V6ecXW",45,/home/u713516042/domains/transmillas.com/public_html/pruebas/drive/backup-documentos.php
"2022-01-14 13:08:59",INFO,DB,"Insertado en la base de datos (ID: 66492 - 1vInBf1h7OHBRGaUfaWBNEQzxi-V6ecXW)",55,/home/u713516042/domains/transmillas.com/public_html/pruebas/drive/backup-documentos.php
"2022-01-14 13:09:02",INFO,DV,"Creado (ID: 66494): https://drive.google.com/open?id=1FhDjxFxGFgq2CHqEyDWQRZv1rKOK9RAJ",45,/home/u713516042/domains/transmillas.com/public_html/pruebas/drive/backup-documentos.php
"2022-01-14 13:09:02",INFO,DB,"Insertado en la base de datos (ID: 66494 - 1FhDjxFxGFgq2CHqEyDWQRZv1rKOK9RAJ)",55,/home/u713516042/domains/transmillas.com/public_html/pruebas/drive/backup-documentos.php
"2022-01-14 13:09:05",INFO,DV,"Creado (ID: 66496): https://drive.google.com/open?id=1kMvAmDulF3NKHTH0_1pkq0UpEZaNuEF3",45,/home/u713516042/domains/transmillas.com/public_html/pruebas/drive/backup-documentos.php
"2022-01-14 13:09:05",INFO,DB,"Insertado en la base de datos (ID: 66496 - 1kMvAmDulF3NKHTH0_1pkq0UpEZaNuEF3)",55,/home/u713516042/domains/transmillas.com/public_html/pruebas/drive/backup-documentos.php
"2022-01-14 13:09:08",INFO,DV,"Creado (ID: 66500): https://drive.google.com/open?id=13W8XN5sQ3de8JN8HFX8GfffYda_SiES-",45,/home/u713516042/domains/transmillas.com/public_html/pruebas/drive/backup-documentos.php
"2022-01-14 13:09:08",INFO,DB,"Insertado en la base de datos (ID: 66500 - 13W8XN5sQ3de8JN8HFX8GfffYda_SiES-)",55,/home/u713516042/domains/transmillas.com/public_html/pruebas/drive/backup-documentos.php
"2022-01-14 13:09:11",INFO,DV,"Creado (ID: 66518): https://drive.google.com/open?id=147eEPBlYkUq-HwASZtM9rJJb4U9TgDsQ",45,/home/u713516042/domains/transmillas.com/public_html/pruebas/drive/backup-documentos.php
"2022-01-14 13:09:11",INFO,DB,"Insertado en la base de datos (ID: 66518 - 147eEPBlYkUq-HwASZtM9rJJb4U9TgDsQ)",55,/home/u713516042/domains/transmillas.com/public_html/pruebas/drive/backup-documentos.php
"2022-01-14 13:09:14",INFO,DV,"Creado (ID: 66523): https://drive.google.com/open?id=1tCsRezVRrg2ee3aBBmaYNLgW8doCucMI",45,/home/u713516042/domains/transmillas.com/public_html/pruebas/drive/backup-documentos.php
"2022-01-14 13:09:14",INFO,DB,"Insertado en la base de datos (ID: 66523 - 1tCsRezVRrg2ee3aBBmaYNLgW8doCucMI)",55,/home/u713516042/domains/transmillas.com/public_html/pruebas/drive/backup-documentos.php
"2022-01-14 13:09:16",INFO,DV,"Creado (ID: 66530): https://drive.google.com/open?id=1a6fw1GWNLxkAfEULSsSeB_xbwVgdwCZ8",45,/home/u713516042/domains/transmillas.com/public_html/pruebas/drive/backup-documentos.php
"2022-01-14 13:09:16",INFO,DB,"Insertado en la base de datos (ID: 66530 - 1a6fw1GWNLxkAfEULSsSeB_xbwVgdwCZ8)",55,/home/u713516042/domains/transmillas.com/public_html/pruebas/drive/backup-documentos.php
"2022-01-14 13:09:19",INFO,DV,"Creado (ID: 66536): https://drive.google.com/open?id=1geXKghv70YtGpoWF6og39LZZoWesYXHx",45,/home/u713516042/domains/transmillas.com/public_html/pruebas/drive/backup-documentos.php
"2022-01-14 13:09:19",INFO,DB,"Insertado en la base de datos (ID: 66536 - 1geXKghv70YtGpoWF6og39LZZoWesYXHx)",55,/home/u713516042/domains/transmillas.com/public_html/pruebas/drive/backup-documentos.php
"2022-01-14 13:09:22",INFO,DV,"Creado (ID: 66541): https://drive.google.com/open?id=1EHdyjjbuenzLjs5I-c9gu7WEqELKq49D",45,/home/u713516042/domains/transmillas.com/public_html/pruebas/drive/backup-documentos.php
"2022-01-14 13:09:22",INFO,DB,"Insertado en la base de datos (ID: 66541 - 1EHdyjjbuenzLjs5I-c9gu7WEqELKq49D)",55,/home/u713516042/domains/transmillas.com/public_html/pruebas/drive/backup-documentos.php
"2022-01-14 13:09:25",INFO,DV,"Creado (ID: 66544): https://drive.google.com/open?id=1tYihS705uGmn3ao5uTKpxSivZ1PsGkfj",45,/home/u713516042/domains/transmillas.com/public_html/pruebas/drive/backup-documentos.php
"2022-01-14 13:09:25",INFO,DB,"Insertado en la base de datos (ID: 66544 - 1tYihS705uGmn3ao5uTKpxSivZ1PsGkfj)",55,/home/u713516042/domains/transmillas.com/public_html/pruebas/drive/backup-documentos.php
"2022-01-14 23:19:59",INFO,DV,"Creado (ID: 66563): https://drive.google.com/open?id=1sMzSCLtfuCkcHCSrqByF4GPvo2sQMbpz",45,/home/u713516042/domains/transmillas.com/public_html/pruebas/drive/backup-documentos.php
"2022-01-14 23:19:59",INFO,DB,"Insertado en la base de datos (ID: 66563 - 1sMzSCLtfuCkcHCSrqByF4GPvo2sQMbpz)",55,/home/u713516042/domains/transmillas.com/public_html/pruebas/drive/backup-documentos.php
"2022-01-14 23:20:02",INFO,DV,"Creado (ID: 66567): https://drive.google.com/open?id=1jbY5ijqW9VuE_XePYeMAFNsFftQaPbD_",45,/home/u713516042/domains/transmillas.com/public_html/pruebas/drive/backup-documentos.php
"2022-01-14 23:20:02",INFO,DB,"Insertado en la base de datos (ID: 66567 - 1jbY5ijqW9VuE_XePYeMAFNsFftQaPbD_)",55,/home/u713516042/domains/transmillas.com/public_html/pruebas/drive/backup-documentos.php
"2022-01-14 23:20:05",INFO,DV,"Creado (ID: 66569): https://drive.google.com/open?id=1H3e0HxyXFwiun707azFX953TqNpgzVN7",45,/home/u713516042/domains/transmillas.com/public_html/pruebas/drive/backup-documentos.php
"2022-01-14 23:20:05",INFO,DB,"Insertado en la base de datos (ID: 66569 - 1H3e0HxyXFwiun707azFX953TqNpgzVN7)",55,/home/u713516042/domains/transmillas.com/public_html/pruebas/drive/backup-documentos.php
"2022-01-14 23:20:07",INFO,DV,"Creado (ID: 66570): https://drive.google.com/open?id=1Ti7kas_kfSmVWiAKsIFVYbabge-0iuLh",45,/home/u713516042/domains/transmillas.com/public_html/pruebas/drive/backup-documentos.php
"2022-01-14 23:20:07",INFO,DB,"Insertado en la base de datos (ID: 66570 - 1Ti7kas_kfSmVWiAKsIFVYbabge-0iuLh)",55,/home/u713516042/domains/transmillas.com/public_html/pruebas/drive/backup-documentos.php
"2022-01-14 23:20:10",INFO,DV,"Creado (ID: 66571): https://drive.google.com/open?id=1kOuC3rP8DN5ScYui_o7x_HteWDGPei97",45,/home/u713516042/domains/transmillas.com/public_html/pruebas/drive/backup-documentos.php
"2022-01-14 23:20:10",INFO,DB,"Insertado en la base de datos (ID: 66571 - 1kOuC3rP8DN5ScYui_o7x_HteWDGPei97)",55,/home/u713516042/domains/transmillas.com/public_html/pruebas/drive/backup-documentos.php
"2022-01-14 23:20:13",INFO,DV,"Creado (ID: 66572): https://drive.google.com/open?id=1GfALGWXU_Xxu7QDzt9iUa73QS808-rNQ",45,/home/u713516042/domains/transmillas.com/public_html/pruebas/drive/backup-documentos.php
"2022-01-14 23:20:13",INFO,DB,"Insertado en la base de datos (ID: 66572 - 1GfALGWXU_Xxu7QDzt9iUa73QS808-rNQ)",55,/home/u713516042/domains/transmillas.com/public_html/pruebas/drive/backup-documentos.php
"2022-01-14 23:20:16",INFO,DV,"Creado (ID: 66573): https://drive.google.com/open?id=1jR_CRtkcRiQ8CX3ollEhTVgzuGi58Egm",45,/home/u713516042/domains/transmillas.com/public_html/pruebas/drive/backup-documentos.php
"2022-01-14 23:20:16",INFO,DB,"Insertado en la base de datos (ID: 66573 - 1jR_CRtkcRiQ8CX3ollEhTVgzuGi58Egm)",55,/home/u713516042/domains/transmillas.com/public_html/pruebas/drive/backup-documentos.php
"2022-01-14 23:20:18",INFO,DV,"Creado (ID: 66576): https://drive.google.com/open?id=1w5LaAFajS8lPOI9W-zqBBjmGb0Mv28ZY",45,/home/u713516042/domains/transmillas.com/public_html/pruebas/drive/backup-documentos.php
"2022-01-14 23:20:18",INFO,DB,"Insertado en la base de datos (ID: 66576 - 1w5LaAFajS8lPOI9W-zqBBjmGb0Mv28ZY)",55,/home/u713516042/domains/transmillas.com/public_html/pruebas/drive/backup-documentos.php
"2022-01-14 23:20:22",INFO,DV,"Creado (ID: 66577): https://drive.google.com/open?id=152qI3QhXtrGT5lY_opl_vgKS7kVthJIk",45,/home/u713516042/domains/transmillas.com/public_html/pruebas/drive/backup-documentos.php
"2022-01-14 23:20:22",INFO,DB,"Insertado en la base de datos (ID: 66577 - 152qI3QhXtrGT5lY_opl_vgKS7kVthJIk)",55,/home/u713516042/domains/transmillas.com/public_html/pruebas/drive/backup-documentos.php
"2022-01-14 23:20:24",INFO,DV,"Creado (ID: 66580): https://drive.google.com/open?id=1Buej4uvDeAcjBIdb3vV9SRzoVzIwDAU4",45,/home/u713516042/domains/transmillas.com/public_html/pruebas/drive/backup-documentos.php
"2022-01-14 23:20:24",INFO,DB,"Insertado en la base de datos (ID: 66580 - 1Buej4uvDeAcjBIdb3vV9SRzoVzIwDAU4)",55,/home/u713516042/domains/transmillas.com/public_html/pruebas/drive/backup-documentos.php
"2022-01-14 23:20:27",INFO,DV,"Creado (ID: 66581): https://drive.google.com/open?id=17_KT2sT3p4yFvBcm2VF7Z957nvR7xUM9",45,/home/u713516042/domains/transmillas.com/public_html/pruebas/drive/backup-documentos.php
"2022-01-14 23:20:27",INFO,DB,"Insertado en la base de datos (ID: 66581 - 17_KT2sT3p4yFvBcm2VF7Z957nvR7xUM9)",55,/home/u713516042/domains/transmillas.com/public_html/pruebas/drive/backup-documentos.php
"2022-01-14 23:20:30",INFO,DV,"Creado (ID: 66590): https://drive.google.com/open?id=1h2F-K8qqXANFQre6xFNyCymcbJ8YGbiK",45,/home/u713516042/domains/transmillas.com/public_html/pruebas/drive/backup-documentos.php
"2022-01-14 23:20:30",INFO,DB,"Insertado en la base de datos (ID: 66590 - 1h2F-K8qqXANFQre6xFNyCymcbJ8YGbiK)",55,/home/u713516042/domains/transmillas.com/public_html/pruebas/drive/backup-documentos.php
"2022-01-14 23:20:33",INFO,DV,"Creado (ID: 66597): https://drive.google.com/open?id=1FgukGspDwKhQ1WF7hIKa581JgSdItpqI",45,/home/u713516042/domains/transmillas.com/public_html/pruebas/drive/backup-documentos.php
"2022-01-14 23:20:33",INFO,DB,"Insertado en la base de datos (ID: 66597 - 1FgukGspDwKhQ1WF7hIKa581JgSdItpqI)",55,/home/u713516042/domains/transmillas.com/public_html/pruebas/drive/backup-documentos.php
"2022-01-14 23:20:36",INFO,DV,"Creado (ID: 66605): https://drive.google.com/open?id=16P6B1Kw2eJVJi22WuAdliq6vSgXkzEsx",45,/home/u713516042/domains/transmillas.com/public_html/pruebas/drive/backup-documentos.php
"2022-01-14 23:20:36",INFO,DB,"Insertado en la base de datos (ID: 66605 - 16P6B1Kw2eJVJi22WuAdliq6vSgXkzEsx)",55,/home/u713516042/domains/transmillas.com/public_html/pruebas/drive/backup-documentos.php
"2022-01-14 23:20:39",INFO,DV,"Creado (ID: 66606): https://drive.google.com/open?id=1vyEtvNuk1MRNyS2XlPoXdFT2KmRnGlYe",45,/home/u713516042/domains/transmillas.com/public_html/pruebas/drive/backup-documentos.php
"2022-01-14 23:20:39",INFO,DB,"Insertado en la base de datos (ID: 66606 - 1vyEtvNuk1MRNyS2XlPoXdFT2KmRnGlYe)",55,/home/u713516042/domains/transmillas.com/public_html/pruebas/drive/backup-documentos.php
"2022-01-14 23:20:41",INFO,DV,"Creado (ID: 66607): https://drive.google.com/open?id=1acuf6HjOQyTV_Ea_UrVbzQsk08fah8Lm",45,/home/u713516042/domains/transmillas.com/public_html/pruebas/drive/backup-documentos.php
"2022-01-14 23:20:41",INFO,DB,"Insertado en la base de datos (ID: 66607 - 1acuf6HjOQyTV_Ea_UrVbzQsk08fah8Lm)",55,/home/u713516042/domains/transmillas.com/public_html/pruebas/drive/backup-documentos.php
"2022-01-14 23:20:44",INFO,DV,"Creado (ID: 66609): https://drive.google.com/open?id=1BMoXarko36r91DEKtEaBNjrjXHv4hmC5",45,/home/u713516042/domains/transmillas.com/public_html/pruebas/drive/backup-documentos.php
"2022-01-14 23:20:44",INFO,DB,"Insertado en la base de datos (ID: 66609 - 1BMoXarko36r91DEKtEaBNjrjXHv4hmC5)",55,/home/u713516042/domains/transmillas.com/public_html/pruebas/drive/backup-documentos.php
"2022-01-14 23:20:47",INFO,DV,"Creado (ID: 66613): https://drive.google.com/open?id=12sqkv80mPBEGMnridX2XoAQXH9qYGWTG",45,/home/u713516042/domains/transmillas.com/public_html/pruebas/drive/backup-documentos.php
"2022-01-14 23:20:47",INFO,DB,"Insertado en la base de datos (ID: 66613 - 12sqkv80mPBEGMnridX2XoAQXH9qYGWTG)",55,/home/u713516042/domains/transmillas.com/public_html/pruebas/drive/backup-documentos.php
"2022-01-14 23:20:50",INFO,DV,"Creado (ID: 66614): https://drive.google.com/open?id=1ktVBDqJ8KhHzHFvj8rFOBSvglLBxgkdA",45,/home/u713516042/domains/transmillas.com/public_html/pruebas/drive/backup-documentos.php
"2022-01-14 23:20:50",INFO,DB,"Insertado en la base de datos (ID: 66614 - 1ktVBDqJ8KhHzHFvj8rFOBSvglLBxgkdA)",55,/home/u713516042/domains/transmillas.com/public_html/pruebas/drive/backup-documentos.php
